{"cameraMode":{"drawMode":0,"name":"Shaded","section":"Shading Mode"},"sceneLighting":true,"audioPlay":false,"sceneViewState":{"m_AlwaysRefresh":false,"showFog":true,"showSkybox":true,"showFlares":true,"showImageEffects":true,"showParticleSystems":true,"showVisualEffectGraphs":true,"m_FxEnabled":true},"in2DMode":false,"pivot":{"x":-0.6723858118057251,"y":0.16457217931747437,"z":1.0278844833374024},"rotation":{"x":0.017609326168894769,"y":0.9474605321884155,"z":-0.052929557859897616,"w":0.31501445174217226},"size":0.8660253882408142,"orthographic":false}